offloading_level,onset_time_ms,developmental_profile,seed,subject_id,ODI,PDI,CLI,AEI,final_synaptic_density,density_change,final_firing_rate_e,final_firing_rate_i,mean_active_weight,n_active_synapses,total_spikes_e,mean_neuromodulation,final_offloading,mean_gamma
0.0,1000.0,ENFANCE_PRECOCE,42,ENFANCE_PRECOCE_0.0_1000.0_0,0.0,0.16459726582733783,0.0,0.34058281856034855,0.2919722960679179,0.05,14.47316722020311,14.355516216100614,0.4900902817929015,13955,44569,1.0,0.0,2.0
0.0,1000.0,ENFANCE_PRECOCE,43,ENFANCE_PRECOCE_0.0_1000.0_1,0.0,0.15786440224265036,0.0,0.29201399609451345,0.2619443151242735,0.05,13.555283147625799,11.104217322221468,0.5162216240012536,14186,49018,1.0,0.0,2.0
0.0,1000.0,ENFANCE_PRECOCE,44,ENFANCE_PRECOCE_0.0_1000.0_2,0.0,0.16970393292881042,0.0,0.3447193751003883,0.22852356535218613,0.05,14.193147317830642,12.157851395023965,0.4814458072057238,17244,43229,1.0,0.0,2.0
0.0,1000.0,ENFANCE_PRECOCE,45,ENFANCE_PRECOCE_0.0_1000.0_3,0.0,0.20193766084088444,0.0,0.3323933301759575,0.292033177166239,0.05,16.6956208331121,12.895794946556462,0.3895603074048934,14906,43670,1.0,0.0,2.0
0.0,1000.0,ENFANCE_PRECOCE,46,ENFANCE_PRECOCE_0.0_1000.0_4,0.0,0.18073331490134267,0.0,0.3066098229851904,0.2723524583581099,0.05,13.701173749235645,10.65136124736214,0.521332395657726,14831,40196,1.0,0.0,2.0
0.0,1000.0,ADOLESCENCE_PRECOCE,42,ADOLESCENCE_PRECOCE_0.0_1000.0_0,0.0,0.1047157777208151,0.0,0.42418090281684406,0.2097672680213851,0.05,14.937619059578527,11.257139053781987,0.5759394665429204,15504,51368,1.0,0.0,1.2
0.0,1000.0,ADOLESCENCE_PRECOCE,43,ADOLESCENCE_PRECOCE_0.0_1000.0_1,0.0,0.1280452068268019,0.0,0.4718051063501006,0.23853680504137864,0.05,13.583573924341387,12.23770207098323,0.5440515655872671,12727,51123,1.0,0.0,1.2
0.0,1000.0,ADOLESCENCE_PRECOCE,44,ADOLESCENCE_PRECOCE_0.0_1000.0_2,0.0,0.10443096513470108,0.0,0.5345141211924016,0.25833331587142294,0.05,13.7054599606714,11.302632757972685,0.5374127209915774,16754,56498,1.0,0.0,1.2
0.0,1000.0,ADOLESCENCE_PRECOCE,45,ADOLESCENCE_PRECOCE_0.0_1000.0_3,0.0,0.11509469225729052,0.0,0.45965025583858155,0.27923399219187073,0.05,15.295632854335297,11.004412451472575,0.5066768730860097,15655,40299,1.0,0.0,1.2
0.0,1000.0,ADOLESCENCE_PRECOCE,46,ADOLESCENCE_PRECOCE_0.0_1000.0_4,0.0,0.12077058438727545,0.0,0.4777786760932029,0.24665481280779789,0.05,17.41492840378909,9.784101734502416,0.5385964121332382,18662,53465,1.0,0.0,1.2
0.0,1000.0,ADULTE_JEUNE,42,ADULTE_JEUNE_0.0_1000.0_0,0.0,0.04840850742436263,0.0,0.6405077728583695,0.27314462328906325,0.05,15.108815149041373,11.430489156156971,0.4812247582603685,14066,46654,1.0,0.0,0.8
0.0,1000.0,ADULTE_JEUNE,43,ADULTE_JEUNE_0.0_1000.0_1,0.0,0.06498681872916535,0.0,0.43725771874846475,0.2625087570255724,0.05,13.797585108828283,14.36153411491389,0.4599023509596171,18957,39544,1.0,0.0,0.8
0.0,1000.0,ADULTE_JEUNE,44,ADULTE_JEUNE_0.0_1000.0_2,0.0,0.06266749609507061,0.0,0.780989263242651,0.21896496618298597,0.05,14.437988702919093,12.868010656171675,0.5584140141332377,13874,47514,1.0,0.0,0.8
0.0,1000.0,ADULTE_JEUNE,45,ADULTE_JEUNE_0.0_1000.0_3,0.0,0.06631487242703996,0.0,0.7687315440959357,0.24341696419696093,0.05,14.318065923469963,11.802523549879561,0.500528034416736,16579,53412,1.0,0.0,0.8
0.0,1000.0,ADULTE_JEUNE,46,ADULTE_JEUNE_0.0_1000.0_4,0.0,0.05032132987263858,0.0,0.7656804800179006,0.2507040253188742,0.05,16.848256750482523,13.579176873564851,0.5263409796499118,15388,49893,1.0,0.0,0.8
0.0,3000.0,ENFANCE_PRECOCE,42,ENFANCE_PRECOCE_0.0_3000.0_0,0.0,0.14126730788365918,0.0,0.3314575702221834,0.26709552915948476,0.05,16.352386564000025,10.81657185885719,0.5065534588936819,13949,47959,1.0,0.0,2.0
0.0,3000.0,ENFANCE_PRECOCE,43,ENFANCE_PRECOCE_0.0_3000.0_1,0.0,0.17480108171917977,0.0,0.35792337062512936,0.3017753300301686,0.05,14.755736316821313,11.890923706274313,0.564285798537123,15138,50349,1.0,0.0,2.0
0.0,3000.0,ENFANCE_PRECOCE,44,ENFANCE_PRECOCE_0.0_3000.0_2,0.0,0.1682558084592881,0.0,0.32834556884006805,0.3295462429298909,0.05,17.678480685810147,10.632698202116654,0.38066133824249065,13974,54143,1.0,0.0,2.0
0.0,3000.0,ENFANCE_PRECOCE,45,ENFANCE_PRECOCE_0.0_3000.0_3,0.0,0.16388503632384538,0.0,0.34826967878006854,0.2509864464237712,0.05,12.15882724459312,12.034480795920665,0.49306797473472525,13291,49812,1.0,0.0,2.0
0.0,3000.0,ENFANCE_PRECOCE,46,ENFANCE_PRECOCE_0.0_3000.0_4,0.0,0.20770927996150648,0.0,0.24806531133589607,0.31396557989352875,0.05,15.355231990497156,13.595630074021587,0.46890511347095576,15268,37426,1.0,0.0,2.0
0.0,3000.0,ADOLESCENCE_PRECOCE,42,ADOLESCENCE_PRECOCE_0.0_3000.0_0,0.0,0.11250418174602905,0.0,0.5991178454451127,0.26956066994719874,0.05,13.545550160865249,11.875990023519806,0.44782631608594153,15622,44478,1.0,0.0,1.2
0.0,3000.0,ADOLESCENCE_PRECOCE,43,ADOLESCENCE_PRECOCE_0.0_3000.0_1,0.0,0.1636640191700703,0.0,0.4247642748838019,0.24458887563173767,0.05,16.489380832600617,11.017907678480558,0.4286993860240282,13752,55298,1.0,0.0,1.2
0.0,3000.0,ADOLESCENCE_PRECOCE,44,ADOLESCENCE_PRECOCE_0.0_3000.0_2,0.0,0.14257063041320048,0.0,0.45528973694979125,0.22184558239783833,0.05,18.191942270320933,12.878399313754075,0.48233631034917435,17688,42564,1.0,0.0,1.2
0.0,3000.0,ADOLESCENCE_PRECOCE,45,ADOLESCENCE_PRECOCE_0.0_3000.0_3,0.0,0.11547210690420878,0.0,0.4198250017723764,0.2333658779639518,0.05,15.368006656582905,11.168724146535348,0.49004621411722726,15018,50280,1.0,0.0,1.2
0.0,3000.0,ADOLESCENCE_PRECOCE,46,ADOLESCENCE_PRECOCE_0.0_3000.0_4,0.0,0.08555889446564967,0.0,0.5034576640006699,0.2549966689184012,0.05,13.992618152207182,11.246235873427256,0.4473654431300568,16076,49300,1.0,0.0,1.2
0.0,3000.0,ADULTE_JEUNE,42,ADULTE_JEUNE_0.0_3000.0_0,0.0,0.04474699385618065,0.0,0.7599645924729035,0.24021002807464467,0.05,15.197496268520952,11.155337618421235,0.5091979950984082,16991,51398,1.0,0.0,0.8
0.0,3000.0,ADULTE_JEUNE,43,ADULTE_JEUNE_0.0_3000.0_1,0.0,0.062413763421538856,0.0,0.7452067614872906,0.24521705062463356,0.05,15.931570732578074,10.911948930988348,0.5065426225272007,17652,49468,1.0,0.0,0.8
0.0,3000.0,ADULTE_JEUNE,44,ADULTE_JEUNE_0.0_3000.0_2,0.0,0.06375943992539297,0.0,0.8757253799423108,0.25878076187593263,0.05,14.616535479669471,12.355087145467847,0.5773712424754068,17027,41298,1.0,0.0,0.8
0.0,3000.0,ADULTE_JEUNE,45,ADULTE_JEUNE_0.0_3000.0_3,0.0,0.05777130939868379,0.0,0.760188069728928,0.25133467455730174,0.05,14.167889584684028,15.065681423463028,0.5668789394211903,13421,50893,1.0,0.0,0.8
0.0,3000.0,ADULTE_JEUNE,46,ADULTE_JEUNE_0.0_3000.0_4,0.0,0.0756178141215426,0.0,0.7088133188364119,0.1934999931414513,0.05,13.483255758116012,11.541474181248265,0.3637982961899761,15175,59578,1.0,0.0,0.8
0.0,5000.0,ENFANCE_PRECOCE,42,ENFANCE_PRECOCE_0.0_5000.0_0,0.0,0.17578006877242766,0.0,0.3047143853530386,0.2562814386299879,0.05,14.010553996753178,12.596423132244587,0.3947391808784109,15314,45463,1.0,0.0,2.0
0.0,5000.0,ENFANCE_PRECOCE,43,ENFANCE_PRECOCE_0.0_5000.0_1,0.0,0.19496836711773732,0.0,0.2577427698382638,0.2721646764013572,0.05,14.3583962971006,13.119709948735814,0.5109349367931522,13840,50103,1.0,0.0,2.0
0.0,5000.0,ENFANCE_PRECOCE,44,ENFANCE_PRECOCE_0.0_5000.0_2,0.0,0.17014891630614742,0.0,0.30236621309854805,0.2448985224601697,0.05,13.149448164391945,12.195193093520906,0.4827324485183543,15771,48909,1.0,0.0,2.0
0.0,5000.0,ENFANCE_PRECOCE,45,ENFANCE_PRECOCE_0.0_5000.0_3,0.0,0.1689880850533753,0.0,0.29427225894901254,0.28538229400089443,0.05,14.559988299435249,11.468353144314662,0.5632727189266082,16121,58428,1.0,0.0,2.0
0.0,5000.0,ENFANCE_PRECOCE,46,ENFANCE_PRECOCE_0.0_5000.0_4,0.0,0.19435833204700917,0.0,0.3083777166363209,0.24318424616035034,0.05,14.326421467989881,12.440150572304104,0.5292867981364163,14237,45529,1.0,0.0,2.0
0.0,5000.0,ADOLESCENCE_PRECOCE,42,ADOLESCENCE_PRECOCE_0.0_5000.0_0,0.0,0.13276214632995748,0.0,0.526673103135707,0.2710894822352169,0.05,14.755046403407952,10.978924207679254,0.5117951309837646,14265,51290,1.0,0.0,1.2
0.0,5000.0,ADOLESCENCE_PRECOCE,43,ADOLESCENCE_PRECOCE_0.0_5000.0_1,0.0,0.1297014296935652,0.0,0.577262763630476,0.2504633182814157,0.05,15.451792792244486,12.051835735054,0.5340130720933655,14797,45172,1.0,0.0,1.2
0.0,5000.0,ADOLESCENCE_PRECOCE,44,ADOLESCENCE_PRECOCE_0.0_5000.0_2,0.0,0.09835468218868348,0.0,0.5041211239440739,0.2675156731767039,0.05,15.92253626521215,12.224862323990902,0.605873942169971,15421,54327,1.0,0.0,1.2
0.0,5000.0,ADOLESCENCE_PRECOCE,45,ADOLESCENCE_PRECOCE_0.0_5000.0_3,0.0,0.1194854536589671,0.0,0.47016761025444864,0.2873344102835617,0.05,15.431919054646302,10.882179421835671,0.5206338920108566,17275,43664,1.0,0.0,1.2
0.0,5000.0,ADOLESCENCE_PRECOCE,46,ADOLESCENCE_PRECOCE_0.0_5000.0_4,0.0,0.13036982350662116,0.0,0.5288886870325645,0.2538703144795164,0.05,18.668166056816734,11.032032635457147,0.5226546892859208,17495,45234,1.0,0.0,1.2
0.0,5000.0,ADULTE_JEUNE,42,ADULTE_JEUNE_0.0_5000.0_0,0.0,0.05943743257739882,0.0,0.7120402731896454,0.2942759529459231,0.05,17.407867728741493,12.48513856791892,0.5572503310491882,16611,55926,1.0,0.0,0.8
0.0,5000.0,ADULTE_JEUNE,43,ADULTE_JEUNE_0.0_5000.0_1,0.0,0.057903668291391736,0.0,0.6848036486674103,0.2560312981017232,0.05,13.519905963050537,14.072533851352567,0.49008984644394843,16557,48212,1.0,0.0,0.8
0.0,5000.0,ADULTE_JEUNE,44,ADULTE_JEUNE_0.0_5000.0_2,0.0,0.05493554559281505,0.0,0.7918116229019213,0.2504028762367909,0.05,17.29897334804677,12.462454809632515,0.37262915606368574,15283,44798,1.0,0.0,0.8
0.0,5000.0,ADULTE_JEUNE,45,ADULTE_JEUNE_0.0_5000.0_3,0.0,0.06330613829097434,0.0,0.7156854540077296,0.19508449905923134,0.05,14.902187460601228,11.364411453415421,0.5238248368700748,15856,51809,1.0,0.0,0.8
0.0,5000.0,ADULTE_JEUNE,46,ADULTE_JEUNE_0.0_5000.0_4,0.0,0.05650329069787895,0.0,0.685473512196732,0.2218669079591192,0.05,15.771497339006292,10.330855441574945,0.41678770087182226,13194,52792,1.0,0.0,0.8
0.3,1000.0,ENFANCE_PRECOCE,42,ENFANCE_PRECOCE_0.3_1000.0_0,0.05416505880733592,0.36752410920555045,0.2328897983660435,0.2354247499454944,0.27103170352519457,0.05,11.958070288943844,13.087556594081672,0.51490095724745,18504,42060,0.856,0.3,2.0
0.3,1000.0,ENFANCE_PRECOCE,43,ENFANCE_PRECOCE_0.3_1000.0_1,0.05020298368264065,0.33111980849970535,0.19241995879377777,0.22112601656864103,0.3460546754256243,0.05,12.293962757133828,10.68307451820717,0.5425072307615091,17232,51605,0.856,0.3,2.0
0.3,1000.0,ENFANCE_PRECOCE,44,ENFANCE_PRECOCE_0.3_1000.0_2,0.06048700356142141,0.31375498884186787,0.22948632869460536,0.18794649857059048,0.30396230412069647,0.05,14.509801309319167,12.370844404825272,0.5861496097300899,16019,42613,0.856,0.3,2.0
0.3,1000.0,ENFANCE_PRECOCE,45,ENFANCE_PRECOCE_0.3_1000.0_3,0.05066822641471895,0.309264069558339,0.23218679220191604,0.16970587266111908,0.31154390793982806,0.05,12.619026990449964,11.101221515861699,0.48111937789804116,14485,41927,0.856,0.3,2.0
0.3,1000.0,ENFANCE_PRECOCE,46,ENFANCE_PRECOCE_0.3_1000.0_4,0.05346226052803348,0.3504636358962478,0.1961179527178808,0.22868915198269876,0.35181318451988625,0.05,14.467597569760102,11.444712777893256,0.5909329357778903,15042,42810,0.856,0.3,2.0
0.3,1000.0,ADOLESCENCE_PRECOCE,42,ADOLESCENCE_PRECOCE_0.3_1000.0_0,0.04489152778046773,0.28060185603037924,0.2316908068859255,0.4710267921939904,0.26262176657097724,0.05,14.294110301785913,10.892951413353803,0.5476620759605921,15472,48029,0.856,0.3,1.2
0.3,1000.0,ADOLESCENCE_PRECOCE,43,ADOLESCENCE_PRECOCE_0.3_1000.0_1,0.04594623555910442,0.2482523701188922,0.22443026191118967,0.39910644153973207,0.27684876355575844,0.05,13.39942167930963,10.908262287243447,0.5582128324060995,18471,44227,0.856,0.3,1.2
0.3,1000.0,ADOLESCENCE_PRECOCE,44,ADOLESCENCE_PRECOCE_0.3_1000.0_2,0.04700492309058545,0.19605488935111615,0.1682149282507719,0.49290538642558807,0.2704547367364388,0.05,15.080882925238841,8.566465601241184,0.4610731478471577,18949,45092,0.856,0.3,1.2
0.3,1000.0,ADOLESCENCE_PRECOCE,45,ADOLESCENCE_PRECOCE_0.3_1000.0_3,0.04725058635927314,0.22977355152407716,0.20478436108035344,0.3585410026187705,0.3208212529097592,0.05,14.714357807391462,10.878736903202286,0.48260198725309666,12882,36545,0.856,0.3,1.2
0.3,1000.0,ADOLESCENCE_PRECOCE,46,ADOLESCENCE_PRECOCE_0.3_1000.0_4,0.04515674841016671,0.22832434390521283,0.19367764963382386,0.38136903596389704,0.2768116964688002,0.05,12.904006486212074,9.317423126284412,0.5436001804489403,17013,42813,0.856,0.3,1.2
0.3,1000.0,ADULTE_JEUNE,42,ADULTE_JEUNE_0.3_1000.0_0,0.03799966006161163,0.12680225051720243,0.26069343733995665,0.5245981580530878,0.21444694622562444,0.05,13.944043833360533,10.223286973417476,0.5425730580632278,13989,46831,0.856,0.3,0.8
0.3,1000.0,ADULTE_JEUNE,43,ADULTE_JEUNE_0.3_1000.0_1,0.03760716377975224,0.12025919891258442,0.23214912580120864,0.4907946158621893,0.28564010182213556,0.05,15.391224035850298,12.293835902009508,0.5045113501849506,13901,37751,0.856,0.3,0.8
0.3,1000.0,ADULTE_JEUNE,44,ADULTE_JEUNE_0.3_1000.0_2,0.038516912794804854,0.1449326107705626,0.18898883302636843,0.6759315417045818,0.27088263631975606,0.05,12.510589867307196,11.444035976886163,0.5341562173830544,14761,40767,0.856,0.3,0.8
0.3,1000.0,ADULTE_JEUNE,45,ADULTE_JEUNE_0.3_1000.0_3,0.04534748736334849,0.13243458790616744,0.21669950589016304,0.645380506610939,0.31915770572181146,0.05,13.577363081899215,12.081376621892753,0.4530648853237976,13131,33783,0.856,0.3,0.8
0.3,1000.0,ADULTE_JEUNE,46,ADULTE_JEUNE_0.3_1000.0_4,0.04548013552497528,0.1189695497257997,0.18969711807054154,0.5569090225705375,0.26592015103783273,0.05,12.753676345803528,10.894257920888876,0.5312519479294924,17664,44858,0.856,0.3,0.8
0.3,3000.0,ENFANCE_PRECOCE,42,ENFANCE_PRECOCE_0.3_3000.0_0,0.04393908470216464,0.2985065611519811,0.20945587592116474,0.20956276415101213,0.3044841409112265,0.05,12.2536005277048,9.707710494586074,0.48178428997432077,18938,45497,0.856,0.3,2.0
0.3,3000.0,ENFANCE_PRECOCE,43,ENFANCE_PRECOCE_0.3_3000.0_1,0.04248415155908401,0.2783829953961399,0.22192565545355505,0.19865267250800694,0.3254517085606159,0.05,10.68287240796887,9.202397688689297,0.4202315280229834,17036,35112,0.856,0.3,2.0
0.3,3000.0,ENFANCE_PRECOCE,44,ENFANCE_PRECOCE_0.3_3000.0_2,0.04537992021505268,0.33724811084365003,0.2560561362380988,0.22460949655814724,0.32796054809695474,0.05,12.304327128923303,11.537540834559568,0.4145298623809045,17731,42555,0.856,0.3,2.0
0.3,3000.0,ENFANCE_PRECOCE,45,ENFANCE_PRECOCE_0.3_3000.0_3,0.04059874736068537,0.37316480257288587,0.22934124305685546,0.1923796717157627,0.3564336581889857,0.05,13.663504518385137,13.048187306113432,0.5155319858858783,12740,46966,0.856,0.3,2.0
0.3,3000.0,ENFANCE_PRECOCE,46,ENFANCE_PRECOCE_0.3_3000.0_4,0.04057245046877348,0.2576724023506758,0.2484994236569168,0.19880308583925954,0.2817811577614451,0.05,15.576825075118402,10.606033980353315,0.5401393910094218,18380,47842,0.856,0.3,2.0
0.3,3000.0,ADOLESCENCE_PRECOCE,42,ADOLESCENCE_PRECOCE_0.3_3000.0_0,0.04032806063241063,0.21875109451626332,0.24297664737171598,0.4493215238037115,0.2946700708621656,0.05,13.465127152967947,11.399380194772567,0.5754959337671475,17549,41180,0.856,0.3,1.2
0.3,3000.0,ADOLESCENCE_PRECOCE,43,ADOLESCENCE_PRECOCE_0.3_3000.0_1,0.047506683896564934,0.20221472337239976,0.23526158474489675,0.39751988888350853,0.3173938552559161,0.05,14.774293098286995,12.556450904095144,0.49021792958719185,14610,41963,0.856,0.3,1.2
0.3,3000.0,ADOLESCENCE_PRECOCE,44,ADOLESCENCE_PRECOCE_0.3_3000.0_2,0.036451487357355886,0.24031748878332868,0.2058054059435284,0.5050930868418192,0.26232915235559146,0.05,12.006601207248863,11.37884196432444,0.6109387251965835,16677,33269,0.856,0.3,1.2
0.3,3000.0,ADOLESCENCE_PRECOCE,45,ADOLESCENCE_PRECOCE_0.3_3000.0_3,0.035073775057258706,0.18705920363084078,0.21289922409525824,0.47625338358418695,0.34830638402815667,0.05,14.178737094303202,9.914522998901994,0.5089696716990061,17431,46773,0.856,0.3,1.2
0.3,3000.0,ADOLESCENCE_PRECOCE,46,ADOLESCENCE_PRECOCE_0.3_3000.0_4,0.041030045710403515,0.19572232510857626,0.22134059323355723,0.29769529774505954,0.27232863511804195,0.05,12.546624981764378,10.985940936483523,0.6707790277137473,13964,39988,0.856,0.3,1.2
0.3,3000.0,ADULTE_JEUNE,42,ADULTE_JEUNE_0.3_3000.0_0,0.036542109564148335,0.13177767139112456,0.24531393819826594,0.5753603193317836,0.27689457777874804,0.05,13.003436341362237,9.884711351579158,0.6031159851873228,15284,37621,0.856,0.3,0.8
0.3,3000.0,ADULTE_JEUNE,43,ADULTE_JEUNE_0.3_3000.0_1,0.032909016725370895,0.11107190785791973,0.23273757803401848,0.5400176145823526,0.20445345216664337,0.05,13.938696440203845,8.826762028795535,0.5388573583059717,14999,45137,0.856,0.3,0.8
0.3,3000.0,ADULTE_JEUNE,44,ADULTE_JEUNE_0.3_3000.0_2,0.035439623901754924,0.13168423628525738,0.1934159000590873,0.5415495523882952,0.2747719172510347,0.05,12.44090032318053,8.064560605968458,0.5770919429091406,11126,50318,0.856,0.3,0.8
0.3,3000.0,ADULTE_JEUNE,45,ADULTE_JEUNE_0.3_3000.0_3,0.034475680566020184,0.132694822104571,0.2681277510760172,0.6105922448565778,0.2788427434033542,0.05,12.050900991093773,11.71172647293202,0.6050519151275857,15479,43838,0.856,0.3,0.8
0.3,3000.0,ADULTE_JEUNE,46,ADULTE_JEUNE_0.3_3000.0_4,0.037236973976325284,0.11472585435161162,0.22260356782924426,0.7477068199029313,0.2676031798762571,0.05,13.326431278238712,10.220472471174258,0.49060387853271104,17984,46355,0.856,0.3,0.8
0.3,5000.0,ENFANCE_PRECOCE,42,ENFANCE_PRECOCE_0.3_5000.0_0,0.04732452238277146,0.2812992531572102,0.24006211510907324,0.1975104157407013,0.31690467427938745,0.05,13.757557236829438,11.693440523599483,0.5068600259100988,17562,32720,0.856,0.3,2.0
0.3,5000.0,ENFANCE_PRECOCE,43,ENFANCE_PRECOCE_0.3_5000.0_1,0.040407148926097626,0.3264934838994619,0.2235436266203427,0.21030949638513904,0.2698375843818544,0.05,16.170052338162076,11.645100801132052,0.550756511218481,14443,40671,0.856,0.3,2.0
0.3,5000.0,ENFANCE_PRECOCE,44,ENFANCE_PRECOCE_0.3_5000.0_2,0.03933422957382926,0.3552093858343546,0.17822249191932138,0.19424697347542,0.3273274003327289,0.05,14.314993299848764,11.442841557495184,0.5930472836456138,16051,50209,0.856,0.3,2.0
0.3,5000.0,ENFANCE_PRECOCE,45,ENFANCE_PRECOCE_0.3_5000.0_3,0.040264209921549256,0.31604819566772346,0.21582259051083313,0.1734808452279608,0.3076032900285272,0.05,14.017498820168568,11.930213760725554,0.5092002748702749,15394,48757,0.856,0.3,2.0
0.3,5000.0,ENFANCE_PRECOCE,46,ENFANCE_PRECOCE_0.3_5000.0_4,0.035352651755818455,0.36006930388613895,0.22332215719383358,0.25302648516714693,0.34826562120880394,0.05,14.378838274463323,9.927177865750965,0.5949644698818748,16676,32986,0.856,0.3,2.0
0.3,5000.0,ADOLESCENCE_PRECOCE,42,ADOLESCENCE_PRECOCE_0.3_5000.0_0,0.03333777845700288,0.2089641146446722,0.19924892536778954,0.3443258479950564,0.33030327755995187,0.05,12.59862418918614,13.049639796184177,0.5511442172246502,16990,40930,0.856,0.3,1.2
0.3,5000.0,ADOLESCENCE_PRECOCE,43,ADOLESCENCE_PRECOCE_0.3_5000.0_1,0.03599554692466698,0.2472556877065206,0.25641058202306705,0.34362554231296216,0.24407095921487948,0.05,12.574862172209041,11.868551712105214,0.4336640502061821,15873,42496,0.856,0.3,1.2
0.3,5000.0,ADOLESCENCE_PRECOCE,44,ADOLESCENCE_PRECOCE_0.3_5000.0_2,0.03604342317583993,0.22095051379990602,0.20412308292005216,0.4183070816192062,0.20363178968663603,0.05,11.969543414257997,10.357562290654082,0.6392139351679742,14485,32350,0.856,0.3,1.2
0.3,5000.0,ADOLESCENCE_PRECOCE,45,ADOLESCENCE_PRECOCE_0.3_5000.0_3,0.034629097689676834,0.21181844757363008,0.2083540065451435,0.4361429632194885,0.26441434559183297,0.05,14.613510359999216,11.98443461383529,0.5071206625620185,13900,42606,0.856,0.3,1.2
0.3,5000.0,ADOLESCENCE_PRECOCE,46,ADOLESCENCE_PRECOCE_0.3_5000.0_4,0.03846282658155544,0.2335718267592876,0.2504714134915177,0.350425407155862,0.3075339954902209,0.05,12.509019344315504,11.51849399058503,0.5971744282665372,16253,44371,0.856,0.3,1.2
0.3,5000.0,ADULTE_JEUNE,42,ADULTE_JEUNE_0.3_5000.0_0,0.036269669611509694,0.1172384928610431,0.20560898557778282,0.631935872427025,0.22406428781742727,0.05,16.211003379544692,10.079878719473388,0.41942221905014065,18365,36587,0.856,0.3,0.8
0.3,5000.0,ADULTE_JEUNE,43,ADULTE_JEUNE_0.3_5000.0_1,0.02820812416595577,0.11069377901182778,0.2775203655677584,0.6522413299475657,0.24247463479151815,0.05,14.229712155490095,11.246233632040793,0.5580923669605348,17718,43703,0.856,0.3,0.8
0.3,5000.0,ADULTE_JEUNE,44,ADULTE_JEUNE_0.3_5000.0_2,0.043321784969203525,0.11245506305636375,0.2048050519070662,0.7124059908672512,0.20215393683249638,0.05,12.954344704964972,9.066227743097619,0.47948466153473573,18118,31651,0.856,0.3,0.8
0.3,5000.0,ADULTE_JEUNE,45,ADULTE_JEUNE_0.3_5000.0_3,0.03176631025577872,0.10932017322292685,0.2179776474549054,0.5650675495658987,0.2674334493081209,0.05,13.65150544532083,10.905333267776115,0.5531486362572144,16165,47953,0.856,0.3,0.8
0.3,5000.0,ADULTE_JEUNE,46,ADULTE_JEUNE_0.3_5000.0_4,0.038563382365617356,0.12203411767781229,0.2505141205426248,0.5649147049936971,0.2847757447863311,0.05,14.639035798828395,11.44842639116156,0.5155323217068937,16180,39412,0.856,0.3,0.8
0.6,1000.0,ENFANCE_PRECOCE,42,ENFANCE_PRECOCE_0.6_1000.0_0,0.14877526052724524,0.4817060317604783,0.40886561002981014,0.1030365347713413,0.25849455967499174,0.05,13.45160130650968,10.543857533189257,0.5361708619183851,18107,44325,0.712,0.6,2.0
0.6,1000.0,ENFANCE_PRECOCE,43,ENFANCE_PRECOCE_0.6_1000.0_1,0.11935277491150645,0.5061258780296825,0.4405804314874023,0.11922478214096399,0.28066157873959613,0.05,11.511193391793755,10.682909507755856,0.4486203537954835,14192,41213,0.712,0.6,2.0
0.6,1000.0,ENFANCE_PRECOCE,44,ENFANCE_PRECOCE_0.6_1000.0_2,0.12422243313210879,0.4598811283933537,0.412650246445154,0.10844343038865446,0.21924479111323672,0.05,11.956609586950321,9.907535516913674,0.600829199540614,20152,38929,0.712,0.6,2.0
0.6,1000.0,ENFANCE_PRECOCE,45,ENFANCE_PRECOCE_0.6_1000.0_3,0.14734974255167207,0.5224512649480185,0.4308760664896538,0.08345366575038034,0.30986226403481565,0.05,12.469839788174621,8.822419676674954,0.46169200821329803,16136,39779,0.712,0.6,2.0
0.6,1000.0,ENFANCE_PRECOCE,46,ENFANCE_PRECOCE_0.6_1000.0_4,0.1012384979119343,0.44666484432295955,0.40685628857517875,0.11439996494905283,0.3684615309538429,0.05,12.224778533597082,8.85533920949004,0.6281919486279108,15609,39556,0.712,0.6,2.0
0.6,1000.0,ADOLESCENCE_PRECOCE,42,ADOLESCENCE_PRECOCE_0.6_1000.0_0,0.11745912428957207,0.34053628805540115,0.43083253035902247,0.2783848415238555,0.3038324763878243,0.05,13.201475572983046,9.72916992069229,0.4958904195278013,16079,37221,0.712,0.6,1.2
0.6,1000.0,ADOLESCENCE_PRECOCE,43,ADOLESCENCE_PRECOCE_0.6_1000.0_1,0.11434242651077488,0.40040666847020134,0.4513658717227704,0.3257285435210627,0.27665493797764457,0.05,11.12907047682687,7.04846636150842,0.7170753836714681,15955,39536,0.712,0.6,1.2
0.6,1000.0,ADOLESCENCE_PRECOCE,44,ADOLESCENCE_PRECOCE_0.6_1000.0_2,0.11066939535498302,0.3852359224205801,0.4378854358579091,0.25038641294686487,0.2714155936757053,0.05,9.632556349763854,9.782596504477944,0.5765378227461809,17045,30661,0.712,0.6,1.2
0.6,1000.0,ADOLESCENCE_PRECOCE,45,ADOLESCENCE_PRECOCE_0.6_1000.0_3,0.1335249366882013,0.3527372944891783,0.4410558630381901,0.2519619262541458,0.2745124360676405,0.05,10.814153318734764,10.625564417047121,0.6200876410766486,13867,38396,0.712,0.6,1.2
0.6,1000.0,ADOLESCENCE_PRECOCE,46,ADOLESCENCE_PRECOCE_0.6_1000.0_4,0.13832191630396642,0.3564499042131244,0.45081191929971937,0.2851543324347859,0.34878317810377957,0.05,12.607239066691028,8.21266074174591,0.4727921342442283,15981,33150,0.712,0.6,1.2
0.6,1000.0,ADULTE_JEUNE,42,ADULTE_JEUNE_0.6_1000.0_0,0.10709911477709338,0.21030163797991214,0.51737222615588,0.4496440489376988,0.31614019777592356,0.05,11.135720114546615,11.195445794811642,0.5424489096425573,14663,40920,0.712,0.6,0.8
0.6,1000.0,ADULTE_JEUNE,43,ADULTE_JEUNE_0.6_1000.0_1,0.10570709286236767,0.2192587631102378,0.4491979607527838,0.540193095239015,0.28764665689205393,0.05,13.343269465973142,8.29172821781553,0.5437982465339973,13731,35152,0.712,0.6,0.8
0.6,1000.0,ADULTE_JEUNE,44,ADULTE_JEUNE_0.6_1000.0_2,0.0830740239677674,0.2347665170344728,0.4622510312062976,0.5441573296456855,0.31507354468071624,0.05,12.326045598222235,10.202907210956294,0.47839567081742324,14465,40997,0.712,0.6,0.8
0.6,1000.0,ADULTE_JEUNE,45,ADULTE_JEUNE_0.6_1000.0_3,0.08795245261364071,0.23619293273613143,0.42191825116247544,0.5142941621734594,0.22629343488173026,0.05,12.124874641777872,8.967713404399104,0.46871112381489793,16370,41846,0.712,0.6,0.8
0.6,1000.0,ADULTE_JEUNE,46,ADULTE_JEUNE_0.6_1000.0_4,0.10796620085094627,0.29901941529156784,0.4542533891903227,0.5297704546885614,0.27306921787625554,0.05,11.617422338093473,9.053580140233262,0.6226750609722664,16036,40523,0.712,0.6,0.8
0.6,3000.0,ENFANCE_PRECOCE,42,ENFANCE_PRECOCE_0.6_3000.0_0,0.12940081197864595,0.43244807107388156,0.4803878367188935,0.10768771943646595,0.3278850796243681,0.05,13.052061068834027,10.109101350908306,0.4979307832558149,17542,43372,0.712,0.6,2.0
0.6,3000.0,ENFANCE_PRECOCE,43,ENFANCE_PRECOCE_0.6_3000.0_1,0.11387838768066402,0.5209113459870118,0.4911165803016707,0.11136658658319595,0.2574119612403925,0.05,12.630663077966028,9.289826485335794,0.6109216339742449,16570,32237,0.712,0.6,2.0
0.6,3000.0,ENFANCE_PRECOCE,44,ENFANCE_PRECOCE_0.6_3000.0_2,0.11903507307918643,0.47488571650891326,0.4497512944580594,0.1318685969259336,0.35161964678110325,0.05,10.113709407410418,7.962521614940314,0.505903160071516,16422,33064,0.712,0.6,2.0
0.6,3000.0,ENFANCE_PRECOCE,45,ENFANCE_PRECOCE_0.6_3000.0_3,0.096329932612916,0.40583596981806386,0.39708314295956815,0.09550413447328673,0.2782934328462668,0.05,10.26919873961024,9.906683237534073,0.5405987623714469,15078,43806,0.712,0.6,2.0
0.6,3000.0,ENFANCE_PRECOCE,46,ENFANCE_PRECOCE_0.6_3000.0_4,0.10547108689157081,0.5534605884726259,0.4631805021645981,0.10832499296501971,0.3175001244354292,0.05,11.18099083229965,11.849935311545961,0.5104559584326714,16584,44496,0.712,0.6,2.0
0.6,3000.0,ADOLESCENCE_PRECOCE,42,ADOLESCENCE_PRECOCE_0.6_3000.0_0,0.11558756914957626,0.366122590990152,0.3784297195753535,0.36942747377968055,0.33733126838222477,0.05,10.471223850543835,10.11932345588591,0.6136096256853099,16288,37974,0.712,0.6,1.2
0.6,3000.0,ADOLESCENCE_PRECOCE,43,ADOLESCENCE_PRECOCE_0.6_3000.0_1,0.10982121976874842,0.3822941955119521,0.45132320781054497,0.29290405325208907,0.2625251450179924,0.05,12.2124242746264,8.516125255925255,0.485402230902598,15511,43874,0.712,0.6,1.2
0.6,3000.0,ADOLESCENCE_PRECOCE,44,ADOLESCENCE_PRECOCE_0.6_3000.0_2,0.10369914650325021,0.3651353893021786,0.5015168809607424,0.2934035122379349,0.3280712430076567,0.05,12.694406499625666,11.764717723272664,0.47731553328413534,17276,40303,0.712,0.6,1.2
0.6,3000.0,ADOLESCENCE_PRECOCE,45,ADOLESCENCE_PRECOCE_0.6_3000.0_3,0.1272626720455073,0.33339810110192863,0.3672926298051577,0.40301731046874767,0.27811474849608664,0.05,11.569558040248412,9.819545452161249,0.5124053591493051,15521,42087,0.712,0.6,1.2
0.6,3000.0,ADOLESCENCE_PRECOCE,46,ADOLESCENCE_PRECOCE_0.6_3000.0_4,0.11754660733346192,0.39751587460802273,0.46325605480097803,0.34123968621345885,0.23164320300718563,0.05,12.505687126248619,9.636946081993708,0.5026695979154956,15138,44804,0.712,0.6,1.2
0.6,3000.0,ADULTE_JEUNE,42,ADULTE_JEUNE_0.6_3000.0_0,0.13437712819452563,0.18100068184683366,0.5212341222565404,0.3606679737200102,0.2702819208191585,0.05,11.322105875131156,10.97764218366328,0.4917779820269983,14031,36974,0.712,0.6,0.8
0.6,3000.0,ADULTE_JEUNE,43,ADULTE_JEUNE_0.6_3000.0_1,0.09916047639644847,0.23311209400635127,0.4023623068261887,0.4668874666738013,0.3257758511295454,0.05,8.839128017138043,10.35835799290752,0.505621067190912,14907,34178,0.712,0.6,0.8
0.6,3000.0,ADULTE_JEUNE,44,ADULTE_JEUNE_0.6_3000.0_2,0.09744341805512542,0.23892075356368092,0.4314033209992013,0.46928893480131767,0.32574985860985817,0.05,13.391935975905243,10.144017667623194,0.5912851721387391,17469,32944,0.712,0.6,0.8
0.6,3000.0,ADULTE_JEUNE,45,ADULTE_JEUNE_0.6_3000.0_3,0.10716289035987393,0.21258363182445503,0.47230407218538506,0.44911009795129136,0.25647142188710986,0.05,10.119963620329433,8.419012110364022,0.5198699481616957,13433,44292,0.712,0.6,0.8
0.6,3000.0,ADULTE_JEUNE,46,ADULTE_JEUNE_0.6_3000.0_4,0.11003540472428389,0.2655487384522816,0.46056776608722666,0.44233571037249175,0.3020001722735929,0.05,12.946867440637336,9.580050087237803,0.6581300099581034,15093,40428,0.712,0.6,0.8
0.6,5000.0,ENFANCE_PRECOCE,42,ENFANCE_PRECOCE_0.6_5000.0_0,0.11830392970506513,0.4609970770757083,0.4513736858307519,0.09328482958996552,0.3627087854631447,0.05,10.221583210312513,8.569640056147824,0.5861383875672039,15960,42340,0.712,0.6,2.0
0.6,5000.0,ENFANCE_PRECOCE,43,ENFANCE_PRECOCE_0.6_5000.0_1,0.11585561674855625,0.491083770657881,0.45481478510994894,0.11176632553271602,0.3138146807003799,0.05,12.278295066338897,10.430510788322422,0.5372775220463162,16185,30758,0.712,0.6,2.0
0.6,5000.0,ENFANCE_PRECOCE,44,ENFANCE_PRECOCE_0.6_5000.0_2,0.13667551777924067,0.5388276986325895,0.5410422094501839,0.11995535314477021,0.32528721623794077,0.05,13.27562769239254,8.506825569202945,0.5540328819296042,17900,40034,0.712,0.6,2.0
0.6,5000.0,ENFANCE_PRECOCE,45,ENFANCE_PRECOCE_0.6_5000.0_3,0.14169794597945654,0.4771996280063112,0.5168635931428438,0.13009299025998342,0.3148620199969205,0.05,11.937306235676466,9.408202594885825,0.5217876181932742,17930,36362,0.712,0.6,2.0
0.6,5000.0,ENFANCE_PRECOCE,46,ENFANCE_PRECOCE_0.6_5000.0_4,0.12500243564273197,0.3608911437641046,0.4175632033822236,0.11452360070869881,0.2794607483431082,0.05,12.147568420107993,11.252712636281721,0.5508177436201082,19409,40882,0.712,0.6,2.0
0.6,5000.0,ADOLESCENCE_PRECOCE,42,ADOLESCENCE_PRECOCE_0.6_5000.0_0,0.12007913813435113,0.3609481971157648,0.40544656118201,0.27976160305114794,0.3637175812667647,0.05,11.640267235574155,9.423248591600958,0.514121455512706,16568,40625,0.712,0.6,1.2
0.6,5000.0,ADOLESCENCE_PRECOCE,43,ADOLESCENCE_PRECOCE_0.6_5000.0_1,0.0966407239827204,0.34114885046255117,0.4456649349769567,0.2709360001838637,0.26241858393611806,0.05,11.547685829483077,9.770838296815587,0.5907795297996699,13406,35853,0.712,0.6,1.2
0.6,5000.0,ADOLESCENCE_PRECOCE,44,ADOLESCENCE_PRECOCE_0.6_5000.0_2,0.11982332229952346,0.3387007846028973,0.500179534651917,0.3634681393270904,0.2767860488633647,0.05,11.74910879657209,11.069137294380242,0.5514752726642267,14606,36491,0.712,0.6,1.2
0.6,5000.0,ADOLESCENCE_PRECOCE,45,ADOLESCENCE_PRECOCE_0.6_5000.0_3,0.08821698016351565,0.40457653045514147,0.41500930705146183,0.3776474781392559,0.30932656572883027,0.05,12.172434709729686,8.878567577399142,0.6047803052228155,18169,41349,0.712,0.6,1.2
0.6,5000.0,ADOLESCENCE_PRECOCE,46,ADOLESCENCE_PRECOCE_0.6_5000.0_4,0.10140930525373511,0.38812806054821186,0.39600657201581013,0.33487522989187507,0.3520384712191951,0.05,13.071653580581168,9.281399327948359,0.5035801096332414,14778,37894,0.712,0.6,1.2
0.6,5000.0,ADULTE_JEUNE,42,ADULTE_JEUNE_0.6_5000.0_0,0.09952682604281207,0.18828695661541758,0.44057641906612166,0.32338366032189125,0.2621895488366334,0.05,12.30564368655879,8.369350790794599,0.6243612249050647,15538,29263,0.712,0.6,0.8
0.6,5000.0,ADULTE_JEUNE,43,ADULTE_JEUNE_0.6_5000.0_1,0.09182896596203119,0.21258663308774825,0.42087036620158863,0.46301252898681605,0.25979340910957927,0.05,12.201505239104163,9.414213773431296,0.5082545384102963,17618,47890,0.712,0.6,0.8
0.6,5000.0,ADULTE_JEUNE,44,ADULTE_JEUNE_0.6_5000.0_2,0.11241375286971794,0.20821794745203512,0.42220261218221583,0.4930736641745236,0.23916912895140852,0.05,12.214274100522568,9.258136053205043,0.5402882603577949,18807,39009,0.712,0.6,0.8
0.6,5000.0,ADULTE_JEUNE,45,ADULTE_JEUNE_0.6_5000.0_3,0.11259493070904628,0.22744777052248022,0.421209129599153,0.41450173849564087,0.2697604438085093,0.05,12.769661795381953,9.20487307285493,0.650293399302696,15035,31350,0.712,0.6,0.8
0.6,5000.0,ADULTE_JEUNE,46,ADULTE_JEUNE_0.6_5000.0_4,0.09354988214742634,0.23927668855705464,0.4349086251184817,0.40122091107199903,0.242942414939472,0.05,13.472608914654925,9.527774475007625,0.6055791795564511,17143,34065,0.712,0.6,0.8
0.9,1000.0,ENFANCE_PRECOCE,42,ENFANCE_PRECOCE_0.9_1000.0_0,0.18538443025920381,0.6872992816431137,0.6529011229298708,0.11817453215449815,0.26173641004996845,0.05,11.512451598700986,9.106060898694313,0.6279596911362375,18312,36546,0.568,0.9,2.0
0.9,1000.0,ENFANCE_PRECOCE,43,ENFANCE_PRECOCE_0.9_1000.0_1,0.22892617409846955,0.7512334613592985,0.6848881863500689,0.08014277338859255,0.32389280223082806,0.05,10.118715865022036,8.61549938997932,0.45205799626723864,17690,33226,0.568,0.9,2.0
0.9,1000.0,ENFANCE_PRECOCE,44,ENFANCE_PRECOCE_0.9_1000.0_2,0.2240949084804737,0.49743769633343005,0.645561037863678,0.10282420471990947,0.3229066782228188,0.05,10.315947118623784,9.21369209770475,0.5997659018407004,13332,34994,0.568,0.9,2.0
0.9,1000.0,ENFANCE_PRECOCE,45,ENFANCE_PRECOCE_0.9_1000.0_3,0.19501338339074792,0.6454405048865997,0.7326644742742372,0.09546647736314623,0.31663718725081696,0.05,11.223137782577112,8.001484623368427,0.5716887099295248,18464,37041,0.568,0.9,2.0
0.9,1000.0,ENFANCE_PRECOCE,46,ENFANCE_PRECOCE_0.9_1000.0_4,0.25970630897131664,0.7047533376165775,0.7161485747950705,0.10109760145315923,0.2795003288364879,0.05,10.12404443911966,7.2629140890506365,0.6940838993352987,17760,32195,0.568,0.9,2.0
0.9,1000.0,ADOLESCENCE_PRECOCE,42,ADOLESCENCE_PRECOCE_0.9_1000.0_0,0.20755370710578414,0.5733051240401705,0.6583946584468114,0.18736034253059441,0.3437567035986359,0.05,10.46761142635953,8.864433401037427,0.47912083414862333,14383,33987,0.568,0.9,1.2
0.9,1000.0,ADOLESCENCE_PRECOCE,43,ADOLESCENCE_PRECOCE_0.9_1000.0_1,0.2001649194438126,0.6007684310102739,0.5968310077309283,0.1987572074105291,0.37163597831656225,0.05,9.442706292420649,7.993184004201023,0.5131021557552293,15278,35329,0.568,0.9,1.2
0.9,1000.0,ADOLESCENCE_PRECOCE,44,ADOLESCENCE_PRECOCE_0.9_1000.0_2,0.21952393676559445,0.494881162094203,0.6220473000969655,0.20560125194419004,0.3120280959435726,0.05,10.360280649650663,8.309263639562602,0.5319598008066199,17241,35081,0.568,0.9,1.2
0.9,1000.0,ADOLESCENCE_PRECOCE,45,ADOLESCENCE_PRECOCE_0.9_1000.0_3,0.20427558201336907,0.4650588890197337,0.5164380457597469,0.18674777196213352,0.2725567587792436,0.05,11.190249099989824,5.800704631988663,0.4806032780141077,14813,38590,0.568,0.9,1.2
0.9,1000.0,ADOLESCENCE_PRECOCE,46,ADOLESCENCE_PRECOCE_0.9_1000.0_4,0.18536885626814065,0.5000373564605786,0.5994039008477824,0.22758284277641433,0.29570948241334866,0.05,9.52442613882391,7.242114904413277,0.48866831042054876,18871,37764,0.568,0.9,1.2
0.9,1000.0,ADULTE_JEUNE,42,ADULTE_JEUNE_0.9_1000.0_0,0.16923688708868417,0.3118903784017092,0.7209655288739198,0.38176124848519133,0.28347452288407665,0.05,7.901202472289446,8.207755016858913,0.5809339148943119,17468,36495,0.568,0.9,0.8
0.9,1000.0,ADULTE_JEUNE,43,ADULTE_JEUNE_0.9_1000.0_1,0.19000527108218807,0.348033440211064,0.5552832863455618,0.3561909416381213,0.35422203753860715,0.05,8.485210360400444,8.085366409005244,0.5503878032689292,19686,32893,0.568,0.9,0.8
0.9,1000.0,ADULTE_JEUNE,44,ADULTE_JEUNE_0.9_1000.0_2,0.18071847005947592,0.34779044355779026,0.7236682126608969,0.37625494039862223,0.25120710367883015,0.05,11.186351655713231,9.615228713782134,0.5227851353577608,17158,33851,0.568,0.9,0.8
0.9,1000.0,ADULTE_JEUNE,45,ADULTE_JEUNE_0.9_1000.0_3,0.18164743908619851,0.3636284165932277,0.6325417850392889,0.40492656027810386,0.24974040652315424,0.05,10.274135484180313,8.132681800017563,0.6865255069734956,15006,35463,0.568,0.9,0.8
0.9,1000.0,ADULTE_JEUNE,46,ADULTE_JEUNE_0.9_1000.0_4,0.2224182061874278,0.26702333600520295,0.7259958452529471,0.33927116381097044,0.29516386231611874,0.05,8.7001364920494,7.719782021089018,0.5642787384890097,15503,34186,0.568,0.9,0.8
0.9,3000.0,ENFANCE_PRECOCE,42,ENFANCE_PRECOCE_0.9_3000.0_0,0.21528777151241166,0.6419060721102611,0.7958657084770939,0.09744097314155907,0.3207616778605758,0.05,12.21308222490213,8.998782852734179,0.6939008460251276,15192,38904,0.568,0.9,2.0
0.9,3000.0,ENFANCE_PRECOCE,43,ENFANCE_PRECOCE_0.9_3000.0_1,0.187147528104391,0.7740235217056297,0.6858910402465108,0.09588631078693684,0.2788508926306063,0.05,10.188108349845818,7.833178105573255,0.5983134969543729,19953,36047,0.568,0.9,2.0
0.9,3000.0,ENFANCE_PRECOCE,44,ENFANCE_PRECOCE_0.9_3000.0_2,0.21794525843513168,0.5433317959939602,0.4878392670373226,0.10267608611132795,0.32010968767815207,0.05,11.140955222604951,7.8205257391807,0.6175468014885617,15663,30287,0.568,0.9,2.0
0.9,3000.0,ENFANCE_PRECOCE,45,ENFANCE_PRECOCE_0.9_3000.0_3,0.2789895374350007,0.7282040070043445,0.7013904488852667,0.09222854286942858,0.3107973497602614,0.05,9.791155140348103,10.377801730882451,0.4605142936156133,15519,34076,0.568,0.9,2.0
0.9,3000.0,ENFANCE_PRECOCE,46,ENFANCE_PRECOCE_0.9_3000.0_4,0.2218315876441756,0.6225509426342899,0.6962862670347064,0.10800956201081514,0.3552629055243013,0.05,10.382604050954843,9.47482049269586,0.6637586019640012,20276,36208,0.568,0.9,2.0
0.9,3000.0,ADOLESCENCE_PRECOCE,42,ADOLESCENCE_PRECOCE_0.9_3000.0_0,0.17693371930412846,0.544678335225179,0.7124669154390744,0.2147057719454156,0.2782676035936465,0.05,9.84519060561544,9.193494018077212,0.4980361319057644,15714,35733,0.568,0.9,1.2
0.9,3000.0,ADOLESCENCE_PRECOCE,43,ADOLESCENCE_PRECOCE_0.9_3000.0_1,0.19168599518604054,0.4680717363096179,0.5763821801953226,0.18487700787212086,0.319435436890288,0.05,10.432371823372009,7.440762103830207,0.5804691350005808,18371,34019,0.568,0.9,1.2
0.9,3000.0,ADOLESCENCE_PRECOCE,44,ADOLESCENCE_PRECOCE_0.9_3000.0_2,0.19067801201249007,0.4910968209739966,0.6170227460329872,0.16654069217315753,0.24695963832858123,0.05,9.904641469885908,10.621268469165834,0.6294390839700126,15971,32437,0.568,0.9,1.2
0.9,3000.0,ADOLESCENCE_PRECOCE,45,ADOLESCENCE_PRECOCE_0.9_3000.0_3,0.1933075522773595,0.5090313977263523,0.7438441633814001,0.20799453776144403,0.3027122584023642,0.05,8.816063412558915,8.069541780206173,0.5151757624068509,19929,27809,0.568,0.9,1.2
0.9,3000.0,ADOLESCENCE_PRECOCE,46,ADOLESCENCE_PRECOCE_0.9_3000.0_4,0.21901050373290765,0.5311246494545608,0.6101982655841277,0.19603795968610216,0.2939746453366315,0.05,10.574362742937552,7.402065747926992,0.6072558785437085,17192,36228,0.568,0.9,1.2
0.9,3000.0,ADULTE_JEUNE,42,ADULTE_JEUNE_0.9_3000.0_0,0.24173604020767978,0.3266676293141145,0.6396272320878429,0.39840458882132995,0.2637991178237847,0.05,9.272841883623633,9.10225296968156,0.45091710502148374,20876,31170,0.568,0.9,0.8
0.9,3000.0,ADULTE_JEUNE,43,ADULTE_JEUNE_0.9_3000.0_1,0.20065663160766356,0.2937398735015513,0.6385654280872067,0.3029513293197986,0.29471077657538325,0.05,11.991353036773129,7.451225847351902,0.5123923284215254,19492,27363,0.568,0.9,0.8
0.9,3000.0,ADULTE_JEUNE,44,ADULTE_JEUNE_0.9_3000.0_2,0.16220976705385765,0.40672894022051775,0.732818015505348,0.33960243074098684,0.31305016478562614,0.05,11.210165855866675,8.701148121467023,0.6146508901664016,14907,29732,0.568,0.9,0.8
0.9,3000.0,ADULTE_JEUNE,45,ADULTE_JEUNE_0.9_3000.0_3,0.16530345689011097,0.38318820984960567,0.67305688413321,0.3517328992441056,0.2520893864861975,0.05,11.938961767412689,9.71368997804934,0.6981147668242426,16010,34347,0.568,0.9,0.8
0.9,3000.0,ADULTE_JEUNE,46,ADULTE_JEUNE_0.9_3000.0_4,0.15084272342860994,0.3632711720819309,0.6186904315751063,0.29334634282749683,0.24062028177813125,0.05,10.519757435808394,9.29054660397988,0.5234549998996987,19558,29577,0.568,0.9,0.8
0.9,5000.0,ENFANCE_PRECOCE,42,ENFANCE_PRECOCE_0.9_5000.0_0,0.18330819604485873,0.698486576558945,0.6847617495704345,0.10683451632973588,0.33407719194645424,0.05,11.082703045768476,8.27056295382613,0.596205037366925,15811,30214,0.568,0.9,2.0
0.9,5000.0,ENFANCE_PRECOCE,43,ENFANCE_PRECOCE_0.9_5000.0_1,0.23416012479874787,0.6757203684254817,0.7429718631204955,0.09267059781304014,0.32603827640899213,0.05,9.41213661960852,9.464074320684567,0.547279408756606,17689,35494,0.568,0.9,2.0
0.9,5000.0,ENFANCE_PRECOCE,44,ENFANCE_PRECOCE_0.9_5000.0_2,0.2378327172613902,0.7381153759223683,0.7611977504159304,0.10714653634475924,0.3240818244291953,0.05,11.707340943041581,7.2942987126508525,0.6368048244285811,17098,42395,0.568,0.9,2.0
0.9,5000.0,ENFANCE_PRECOCE,45,ENFANCE_PRECOCE_0.9_5000.0_3,0.1678952859716327,0.6209679665724681,0.7084947195872728,0.14397051094902788,0.3118231256791963,0.05,12.38105435538035,7.27878373238389,0.5907924452361664,17054,35091,0.568,0.9,2.0
0.9,5000.0,ENFANCE_PRECOCE,46,ENFANCE_PRECOCE_0.9_5000.0_4,0.1710352639132963,0.7232260739599353,0.6131680882538475,0.08955393681629134,0.3173749289583219,0.05,7.842222370380973,8.122240548267342,0.6508737997619718,12838,35091,0.568,0.9,2.0
0.9,5000.0,ADOLESCENCE_PRECOCE,42,ADOLESCENCE_PRECOCE_0.9_5000.0_0,0.1650550799556618,0.5502656613244741,0.6652509894097588,0.19884092081567015,0.2911517579032526,0.05,9.359804933932725,6.646225559819866,0.6308157068657584,16092,37056,0.568,0.9,1.2
0.9,5000.0,ADOLESCENCE_PRECOCE,43,ADOLESCENCE_PRECOCE_0.9_5000.0_1,0.14981225844240303,0.38984767896885825,0.6276742768671446,0.16134854083105038,0.29275808036015105,0.05,10.160207335623586,8.726123554385547,0.6344293266348706,14848,28441,0.568,0.9,1.2
0.9,5000.0,ADOLESCENCE_PRECOCE,44,ADOLESCENCE_PRECOCE_0.9_5000.0_2,0.16853362549655032,0.3863824372542801,0.5742866667645669,0.1804821160182045,0.3107673638796161,0.05,11.37433684950057,8.719165468679016,0.5980751166023583,16539,33404,0.568,0.9,1.2
0.9,5000.0,ADOLESCENCE_PRECOCE,45,ADOLESCENCE_PRECOCE_0.9_5000.0_3,0.19304506129414012,0.49693715652319975,0.6425401954473694,0.17476905369426782,0.2760390800820229,0.05,9.677044751443276,7.721563038810574,0.462497953639887,16052,30274,0.568,0.9,1.2
0.9,5000.0,ADOLESCENCE_PRECOCE,46,ADOLESCENCE_PRECOCE_0.9_5000.0_4,0.2041158359121438,0.5947054553413109,0.7036885960655014,0.17603875854389459,0.3483815267496995,0.05,10.84083019783619,7.4181213597745765,0.6742247169564143,14913,30343,0.568,0.9,1.2
0.9,5000.0,ADULTE_JEUNE,42,ADULTE_JEUNE_0.9_5000.0_0,0.17136531581967926,0.352207727191641,0.6893389228510962,0.3130871310007759,0.27708170297751106,0.05,10.036786675543397,7.4759037516968405,0.5415205550674639,15377,33214,0.568,0.9,0.8
0.9,5000.0,ADULTE_JEUNE,43,ADULTE_JEUNE_0.9_5000.0_1,0.14285778043239303,0.3339286567080054,0.7117724821879914,0.2971384692769518,0.23267882269199505,0.05,11.625094099181688,7.030093656109525,0.6129786192977711,12954,34285,0.568,0.9,0.8
0.9,5000.0,ADULTE_JEUNE,44,ADULTE_JEUNE_0.9_5000.0_2,0.18900530619850464,0.27471759871868306,0.6860376692905896,0.304669691761819,0.28807124993297206,0.05,11.150118679344452,7.878234929428424,0.6606696408528931,19242,35690,0.568,0.9,0.8
0.9,5000.0,ADULTE_JEUNE,45,ADULTE_JEUNE_0.9_5000.0_3,0.2115365781092073,0.3560499182982869,0.6644748814267825,0.3813520092216548,0.29032164782250197,0.05,12.566001721415004,7.432143444131017,0.5645796734117176,18801,29926,0.568,0.9,0.8
0.9,5000.0,ADULTE_JEUNE,46,ADULTE_JEUNE_0.9_5000.0_4,0.2306600406541665,0.28797821318669015,0.6342173531379349,0.40394264839772476,0.26403187450454035,0.05,8.618267206021418,8.437393541626756,0.6343516585844549,15255,33929,0.568,0.9,0.8
